File_Name,Museum,Species,Tribe,Common Name ,Specimen,Surface,Image,Lintulaakso 2023 (Diet) ,Column1,L&K 2016,X1,Y1,X2,Y2,X3,Y3,X4,Y4,X5,Y5,X6,Y6,X7,Y7,X8,Y8,X9,Y9,X10,Y10,X11,Y11,X12,Y12,X13,Y13,X14,Y14,X15,Y15,X16,Y16,X17,Y17,X18,Y18,X19,Y19,X20,Y20,X21,Y21,X22,Y22,X23,Y23
A_buselaphus_27999_lower_lingual_molars,Tervuren,Alcelaphus buselaphus ,Alcelaphini,Hartebeest,27999,lingual lower,molar,grazer,grazer,grazer,0,0,28,18,56,34,74,62,96,90,120,110,140,138,160,164,182,192,204,210,236,226,270,232,302,228,334,220,362,198,380,168,396,140,414,114,430,84,452,58,476,36,504,20,534,6
A_lervia_37874_lower_lingual_tooth row,Tervuren,Ammotragus lervia,Caprini,Barbary sheep,37874,lingual lower,row,grazer,grazer,browser,0,0,16,16,36.0805,26.3843,56.0631,40.3721,76.0457,52.3616,92.0317,68.3477,129.9987,100.3198,165.9673,130.2938,187.9482,144.2816,207.9308,154.2728,225.9152,166.2624,249.8942,174.2554,273.8734,168.2607,281.8664,164.2642,291.8577,158.2693,311.8403,148.2781,321.8316,140.285,333.8212,134.2902,353.8038,128.2955,375.7846,116.3059,397.7654,108.3129,417.748,94.3251,441.7272,88.3303
A_melampus_1932.6.6.32_lower_lingual_tooth row,London,Aepyceros melampus,Aepycerotini,Impala,1932.6.6.32,lingual lower,row,grazer-browser,grazer-browser,browser,0,0,22.3348,7.4449,42.8085,20.4736,65.1433,33.5023,83.7557,44.6697,102.368,59.5596,119.1192,78.1719,134.0091,91.2006,152.6215,106.0905,172.6795,119.5829,197.2911,124.7029,221.4872,130.2866,243.6795,119.5829,262.4344,111.6742,279.1855,93.0618,294.0754,74.4495,3108254,5.5596,327.5777,42.8084,348.0513,26.0573,362.9412,11.1674,388.9985,7.4449,411.3333,-1.8613,433.6682,-1.8613
A_melampus_1967.11.8.1_lower_lingual_tooth row,London,Aepyceros melampus,Aepycerotini,Impala,1967.11.8.1,lingual lower,row,grazer-browser,grazer-browser,browser,0,0,13.2019,9.9014,26.4039,19.8029,39.6058,31.3546,49.5073,44.5565,59.4087,56.1082,70.9604,70.9604,82.4121,84.6123,90.7633,99.0145,97.3643,113.8666,113.8667,112.1179,128.7188,130.3691,145.2213,123.7681,160.0735,115.5169,174.9256,107.2657,188.1275,100.6647,204.63,94.0637,219.4821,84.1623,234.3343,74.2609,249.1865,67.6599,264.0387,61.0589,278.8908,52.8077,292.0927,42.9062
A_melampus_1968.6.20.1_lower_lingual_tooth row,London,Aepyceros melampus,Aepycerotini,Impala,1968.6.20.1,lingual lower,row,grazer-browser,grazer-browser,browser,0,0,15.5,8.5,33.5,18.5,49.5,30.5,63.5,42.5,77.5,54.5,93.5,68.5,107.5,78.5,125.5,88.5,141.5,98.5,159.5,108.5,177.5,114.5,191.5,102.5,207.5,90.5,221.5,78.5,237.5,66.5,255.5,58.5,271.5,50.5,289.5,40.5,301.5,26.5,313.5,10.5,321.2173,0.8966,325.5,-5.5
A_melampus_69.1142_lower_lingual_tooth row,London,Aepyceros melampus,Aepycerotini,Impala,69.1142,lingual lower,row,grazer-browser,grazer-browser,browser,0,0,20,6,36,18,50,32,64,46,76,62,86,80,96,96,108,112,120,128,136,140,156,144,176,140,192,128,208,116,224,106,240,94,258,84,276,74,294,66,312,62,332,54,352,54
A_nasomaculatus_113812_lower_lingual_molars right side extra photo,AMNH,Addax nasomaculatus,Hippotragini,Addax,113812,lingual lower,molar,browser-grazer,browser-grazer,grazer,0,0,18,20,50,60,66,80,82,100,98,118,112,140,124,160,136,186,150,204,166,228,190,234,214,230,222,230,238,224,258,212,282,186,300,180,318,160,334,142,352,122,370,106,392,92
B_bison_bison_A22375_lingual_lower_molars,Smithsonian,Bison bison,Bovini,American bison,A22375,lingual lower,molar,grazer,grazer,grazer,0,0,16.4773,12.8157,32.9546,31.1238,45.7702,36.6161,51.2626,47.601,64.0783,62.2475,82.3864,78.7248,100.6945,98.8636,115.3409,113.5101,131.8182,131.8182,153.7879,144.6339,173.9268,150.1263,199.5581,146.4647,221.5278,139.1414,243.4975,131.8182,263.6364,119.0026,296.5909,87.8788,314.899,71.4016,333.2071,56.7551,351.5152,43.9394,369.8232,29.293,386.3005,12.8157,411.9318,7.3232
B_bison_bison_A22377_lingual_lower_molars,Smithsonian,Bison bison,Bovini,American bison,A22377,lingual lower,molar,grazer,grazer,grazer,0,0,10.2069,-2.369,18.0466,0,34.088,-10.0259,48.1241,26.0673,58.15,36.0931,72.1862,56.1448,82.2121,68.1758,96.2483,80.2069,108.2793,88.2276,120.3104,90.2328,134.2069,90.631,152.2069,92.631,172.4448,86.2224,188.4862,82.2121,214.5535,76.1965,244.631,64.1655,260.6724,54.1396,276.7138,42.1086,300.7759,32.0828,318.8224,28.0724,346.8948,24.0621,366.9466,18.0466
B_depressicornis_43541catb_lingual_lower_molars,Leiden,Bubalus depressicornis,Bovini,Lowland anoa,43541catb,lingual lower,molar,grazer-browser,grazer-browser,mixed feeder,0,0,26.7855,21.0458,55.4843,38.2651,76.5301,59.3109,76.5301,59.3109,88.0096,93.7494,114.7952,149.2338,126.2747,177.9326,145.4072,206.6313,162.6265,231.5037,181.759,258.2892,212.3711,273.5952,244.8964,267.855,273.5952,252.5494,292.7277,229.5904,309.947,202.8049,327.1663,172.1928,340.559,145.4073,357.7783,120.535,378.8241,93.7494,405.6096,74.6169,434.3084,59.3109,464.9205,57.3976
B_hunteri_1938.7.11.1_lower_lingual_tooth row,London,Beatrigus hunteri,Alcelaphini,Hirola,1938.7.11.1,lingual lower,row,grazer,grazer,grazer,0,0,22.1554,6.1411,38.1018,22.0589,50.1339,36.0964,68.1554,52.1411,82.2196,68.1821,94.2518,86.2303,108.2893,102.2723,120.3214,120.3214,138.3697,134.3589,158.4232,140.375,182.1554,146.1411,204.5464,142.3803,224.6,136.3643,242.6482,126.3375,260.6964,112.3,276.7393,96.2571,292.7821,84.225,308.825,68.1821,325.1554,50.1411,340.9107,42.1125,360.9643,30.0803,381.0179,18.0482
B_javanicus_154385_lingual_lower_molars,Smithsonian,Bos javanicus,Bovini,Banteng,154385,lingual lower,molar,grazer-browser,grazer-browser,grazer,0,0,23.5751,20.0164,43.3404,39.7817,65.0822,61.5235,80.8943,83.2653,94.73,110.9366,106.5892,138.608,118.4484,166.2794,140.1901,188.0211,161.9319,199.8803,191.5798,209.7629,219.2512,215.6925,248.899,205.8099,268.6643,184.0681,284.4765,160.3498,304.2418,138.608,324.007,116.8662,345.7488,101.054,371.4437,83.2653,397.1385,71.4061,422.8333,57.5704,448.5282,41.7582,474.223,27.9225
B_sauveli_399379_lingual_lower_tooth row,Smithsonian,Bos sauveli,Bovini,Kouprey,399379,lingual lower,row,grazer,grazer,grazer,0,0,7.5508,18.5062,21,33,33.7839,48.4869,41.2891,65.351,56.2695,84.0889,71.2599,97.2055,89.9978,104.7007,106.8619,114.0697,123.7261,121.5649,142.4641,127.1862,163.0758,130.9338,181.8138,130.9338,202.4255,129.0601,217.4159,121.5649,234.28,106.5745,249.2704,91.5841,260.5131,78.4676,275.5035,61.6034,288.6201,48.4869,305.4843,40.9917,322.3484,31.6227,341.0863,20.3799
B_taxicolor_tibetana_258656_lingual_lower_tooth row,Smithsonian,Budorcas taxicolor tibetana,Obivoni,Tibetan takin,258656,lingual lower,row,browser,browser,browser,0,0,22,12,40,30,56,50,70,72,84,94,98,116,110,138,122,162,134,184,158,194,184,202,206,214,226,200,246,182,262,164,280,142,296,122,310,102,328,84,346,64,366,48,390,36
C_crispus_165683_lingual_lower_toothrow,AMNH,Capricornis crispus,Rupicaprini,Japanese serow,165683,lingual lower,row,browser-grazer,browser-grazer,mixed feeder,0,0,20,16,38,30,58,46,72,66,88,84,100,106,114,126,124,148,138,172,154,186,174,200,198,202,220,192,238,176,258,160,276,144,294,128,314,114,334,100,354,86,376,78,398,68
C_dorsalis_13282_lower_lingual_tooth row,Tervuren,Cephalophus dorsalis,Cephalophini,Bay duiker,13282,lingual lower,row,frugivore-browser,frugivore-browser,frugivore-grazer,0,0,19.6552,11.7931,35.3793,23.5862,49.1379,35.3793,60.9311,51.1034,72.7242,66.8275,88.4483,76.6552,104.1724,90.4138,119.8966,102.2068,135.6207,113.9999,155.2758,123.8275,172.9655,121.862,190.6552,113.9999,206.3793,100.2413,218.1725,86.4827,233.8966,68.7931,249.6207,58.9655,267.3103,49.1379,279.1035,33.4137,292.8621,21.6206,308.5862,9.8725,322.3448,-7.8621,334.138,-21.6207
C_dorsalis_1900_lower_lingual_tooth row,Tervuren,Cephalophus dorsalis,Cephalophini,Bay duiker,1900,lingual lower,row,frugivore-browser,frugivore-browser,frugivore-grazer,0,0,18.4764,6.3373,36.515,16.3586,50.545,30.3887,66.5792,40.41,82.6135,56.4443,96.6435,68.47,112.6777,80.4957,132.7206,88.5129,152.7634,86.5085,168.7977,80.4957,190.8447,76.4871,210.8876,76.4871,228.9261,76.4871,250.9732,76.4871,269.0118,70.4643,287.0503,58.4486,301.0803,44.4186,319.1188,32.3929,335.1531,22.3715,347.1788,6.3373,361.2088,-9.697,373.2345,-23.7269
C_goral_giseus_259398_lingual_lower_molars,Smithsonian,Naemorhedus griseus,Rupicaprini,Chinese goral,259398,lingual lower,molar,grazer,grazer,browser,0,0,16,12,32,28,46,44,60,58,74,76,86,94,96,110,108,130,118,148,132,164,154,168,174,162,192,152,210,144,228,132,244,116,260,102,276,88,294,78,312,66,328,54,338,36
C_goral_giseus_259399_lingual_lower_molars,Smithsonian,Naemorhedus griseus,Rupicaprini,Chinese goral,259399,lingual lower,molar,grazer,grazer,browser,0,0,18,10,34,22,50,34,64,48,76,64,90,78,102,94,114,110,128,124,138,142,154,152,174,150,192,144,210,136,226,124,242,112,258,100,274,90,292,84,312,78,330,68,348,60
C_leucogaster_1901_lower_lingual_tooth row,Tervuren,Cephalophus leucogaster,Cephalophini,White-bellied duiker,1901,lingual lower,row,grazer-browser,grazer-browser,frugivore-grazer,0,0,18,8,32,16,48,28,64,36,80,44,96,54,112,64,128,72,144,80,160,88,180,88,198,84,216,80,232,74,250,70,268,64,286,60,302,50,320,46,338,46,356,46,374,38
C_leucogaster_1903_lower_lingual_tooth row,Tervuren,Cephalophus leucogaster,Cephalophini,White-bellied duiker,1903,lingual lower,row,grazer-browser,grazer-browser,frugivore-grazer,0,0,22,18,38,32,54,50,72,68,90,86,108,102,128,116,148,128,168,142,190,156,214,162,238,158,260,150,282,134,302,120,320,106,340,90,360,76,384,70,408,66,428,52,444,32
C_leucogaster_1950.9.23.1_lower_lingual_tooth row,London,Cephalophus leukogaster ,Cephalophini,White-bellied duiker,1950.9.23.1,lingual lower,row,grazer-browser,grazer-browser,frugivore-grazer,0,0,10.3802,14.4835,26.4132,28.5124,36.4339,42.5413,50.4628,56.5703,62.4876,68.595,76.5165,82.624,90.5454,92.6447,108.5826,104.6694,122.6116,114.6901,138.6447,124.7108,156.6818,132.7273,174.719,138.7397,190.7521,136.7355,208.7892,124.7108,218.8099,110.6818,232.8389,98.657,248.8719,84.6281,264.905,76.6116,282.9421,66.5909,296.9711,58.5744,315.0082,52.562,333.0455,44.5455
C_leucogaster_551_lower_lingual_tooth row,Tervuren,Cephalophus leucogaster,Cephalophini,White-bellied duiker,551,lingual lower,row,grazer-browser,grazer-browser,frugivore-grazer,0,0,12.8518,17.2559,25.8897,37.7441,38.9277,54.5072,50.1031,73.1328,65.0036,89.8959,79.9041,106.659,92.942,121.5595,111.5677,130.8723,135.781,132.7349,156.2692,129.0098,178.62,121.5595,199.1082,114.1093,217.7338,108.5215,240.0846,99.2087,260.5728,88.0333,277.3359,78.7205,301.5493,73.1328,318.3123,61.9575,331.3503,47.0569,357.4261,41.4692,379.7769,39.6067,398.4026,30.2938
C_monticola_1936.10.28.28_lower_lingual_tooth row,London,Philantomba monticola,Cephalophini,Blue duiker,1936.10.28.28,lingual lower,row,browser-frugivore,frugivore,frugivore-herbivore,0,0,28.0792,12.0339,58.1641,28.0792,82.2319,42.1189,108.3055,60.1698,134.379,78.2207,160.4526,96.2716,188.5318,110.3112,218.6166,122.3452,246.6959,138.3904,272.7694,146.4131,302.8543,156.4413,332.9391,160.4526,365.0297,162.4583,379.0693,152.4301,401.1315,138.3904,419.1825,132.3734,447.2616,116.3281,475.3408,100.283,501.4144,84.2377,527.4879,72.2037,555.5671,58.1641,587.6577,46.1301
C_monticola_1936.10.28.29_lower_lingual_tooth row,London,Philantomba monticola,Cephalophini,Blue duiker,1936.10.28.29,lingual lower,row,browser-frugivore,frugivore,frugivore-herbivore,0,0,16,10,32.254,17.9984,48.3224,28.0411,62.3824,36.0754,82.4679,48.1267,98.5365,54.1525,114.6048,58.1696,132.6818,66.2037,150.7589,72.2294,168.8358,74.2379,182.8958,80.2637,192.9385,74.2379,204.9899,64.1952,217.0412,52.1438,229.0925,40.0925,245.1609,26.0326,257.2123,13.9813,271.2722,5.947,289.3482,-2.0872,305.4177,-10.1213,323.4946,-20.1642,335.546,-32.2155
C_monticola_1936.10.28.30_lower_lingual_tooth row,London,Philantomba monticola,Cephalophini,Blue duiker,1936.10.28.30,lingual lower,row,browser-frugivore,frugivore,frugivore-herbivore,0,0,18,8,32,22,46,38,58,54,70,70,84,86,98,104,112,118,128,130,146,140,166,142,186,134,202,120,218,106,234,94,250,82,268,72,284,60,302,48,320,40,340,34,360,32
C_monticola_34736_lower_lingual_tooth row,AMNH,Philantomba monticola,Cephalophini,Blue duiker,34736,lingual lower,row,browser-frugivore,frugivore,frugivore-herbivore,0,0,15.9051,19.8813,35.7865,23.8577,53.6797,37.7747,67.5967,55.6678,79.5255,75.5492,87.4781,93.4425,97.4187,113.3239,107.3594,135.1934,119.2882,151.0984,135.1934,167.0035,155.0747,176.9442,174.9561,172.968,190.8612,161.0391,202.79,145.134,218.6951,125.2527,232.6121,111.3357,246.5291,91.4543,258.4579,77.5374,274.363,59.6442,288.28,43.739,306.1732,29.822,322.0783,13.917
C_natalensis_825029_lingual_lower_molars,Stockholm,Cephalophus natalensis,Cephalophini,Red duiker,825029,lingual lower,molar,browser-omniovre,frugivore,frugivore-grazer,0,0,16,16,26,38,32,60,44,80,52,102,68,120,80,138,96,156,116,168,138,164,158,150,174,136,192,120,208,104,222,86,238,68,256,54,274,38,290,24,312,16,336,18,356,8
C_nigrifrons_52930_lower_lingual_tooth row,AMNH,Cephalophus nigrifrons,Cephalophini,Black-fronted duiker,52930,lingual lower,row,browser-frugivore,frugivore,frugivore-herbivore,0,0,18.0705,8.0314,30.1176,26.1018,48.188,40.1567,60.2351,56.2194,74.29,70.2743,94.3683,86.3369,114.4467,96.3761,134.5251,104.4075,156.6113,110.431,178.6974,114.4467,196.768,108.4232,218.8542,102.3997,238.9326,92.3605,257.0031,84.3291,277.0815,74.2899,297.1599,64.2507,315.2304,56.2194,335.3088,48.1881,355.3871,40.1567,375.4655,34.1332,395.5439,24.094,417.6301,16.0626
C_nigrifrons_52940_lower_lingual_tooth row,AMNH,Cephalophus nigrifrons,Cephalophini,Black-fronted duiker,52940,lingual lower,row,browser-frugivore,frugivore,frugivore-herbivore,0,0,18,6,36,10,54,14,72,22,92,26,110,32,128,36,148,40,166,44,186,44,206,50,224,56,242,62,262,64,280,64,296,60,318,56,336,50,354,44,368,36,386,30,406,22
C_nigrifrons_52943_lower_lingual_tooth row,AMNH,Cephalophus nigrifrons,Cephalophini,Black-fronted duiker,52943,lingual lower,row,browser-frugivore,frugivore,frugivore-herbivore,0,0,18,14,34,32,48,50,62,68,72,88,84,108,104,122,128,126,148,134,172,136,194,128,216,126,234,110,252,96,268,80,286,64,304,50,324,38,346,32,370,28,392,24,414,16
C_silvicultor_5332_lingual_lower_molars,Vienna,Cephalophus silvicultor,Cephalophini,Yellow-backed duiker,5332,lingual lower,molar,browser-frugivore,frugivore,frugivore-grazer,0,0,24,14,46,28,68,44,90,62,110,80,132,96,154,112,180,122,206,130,232,136,260,140,286,138,312,130,338,116,360,104,386,94,412,88,440,84,468,84,494,84,520,78,542,60
C_silvicultor_895_lower_lingual_tooth row,Tervuren,Cephalophus silvicultor,Cephalophini,Yellow-backed duiker,895,lingual lower,row,browser-frugivore,frugivore,frugivore-grazer,0,0,18,12,36,20,56,26,74,36,94,42,112,50,132,60,150,68,168,78,186,88,206,94,226,96,248,94,268,90,286,84,306,74,324,66,344,60,364,52,382,44,398,32,412,16
C_sumatraensis_milneedwardii_0259025_lingual_lower_molars,Smithsonian,Capricornis sumatraensis,Rupicaprini,Sumatran serow,259025,lingual lower,molar,grazer,grazer,grazer,0,0,28,18,54,38,76,62,96,88,118,114,138,140,160,166,182,190,206,212,228,236,236,244,262,238,292,224,320,206,342,184,364,158,386,132,406,108,424,78,438,50,450,18,468,-10
C_swinhoei_311229_lingual_lower_tooth row,Smithsonian,Capricornis swinhoei,Rupicaprini,Formosan serow,311229,lingual lower,row,grazer,grazer,grazer,0,0,24,14,44,36,64,58,82,80,96,106,112,130,128,156,142,180,160,204,178,228,200,246,230,248,256,236,280,220,306,204,328,186,352,168,378,156,406,148,436,154,462,168,490,168
C_taurinus_1935.12.14.3_lower_lingual_tooth row,London,Connochaetes taurinus,Alcelaphini,Blue wildebeest,1935.12.14.3,lingual lower,row,grazer,grazer,grazer,0,0,24,18,42,40,60,62,80,84,100,106,118,130,136,152,156,172,176,194,200,212,226,224,254,214,278,196,300,178,320,156,340,136,362,114,384,96,408,80,436,68,460,54,484,36
C_weynsi_4928_lower_lingual_tooth row,Tervuren,Cephalophus weynsi,Cephalophini,Weyns's duiker,4928,lingual lower,row,grazer,grazer,frugivore-herbivore,0,0,14,22,30,44,44,66,58,86,74,108,90,128,106,150,122,168,148,180,178,164,200,152,224,138,244,122,264,106,286,92,308,76,330,62,352,50,378,40,402,36,428,32,452,20
C_weynsi_5302_lower_lingual_tooth row,Tervuren,Cephalophus weynsi,Cephalophini,Weyns's duiker,5302,lingual lower,row,grazer,grazer,frugivore-herbivore,0,0,20,14,38,30,56,48,72,66,90,84,108,100,126,118,144,136,162,152,180,166,204,172,228,166,250,154,268,138,288,122,304,104,322,86,338,70,358,54,380,42,402,30,424,20
C_weynsi_5373_lower_lingual_molars,Tervuren,Cephalophus weynsi,Cephalophini,Weyns's duiker,5373,lingual lower,molar,grazer,grazer,frugivore-herbivore,0,0,16,20,30,44,44,66,56,88,68,112,82,134,98,156,114,176,134,192,160,200,186,196,210,184,232,170,254,154,276,140,298,126,322,116,348,108,374,106,400,110,426,116,452,114
D_dorcas_70.345_lower_lingual_M2 M3_other side,London,Gazella dorcas,Antilopini,Dorcas gazelle,70.345,lingual lower,molar,grazer,grazer,browser,0,0,28,6,52,20,74,34,96,52,116,70,138,86,162,100,186,112,212,124,236,136,262,144,290,140,312,126,334,108,354,90,374,72,394,54,416,34,436,18,458,0,480,-16,504,-30
D_hunteri_1692_lingual_lower_tooth row,Copenhagen,Beatrigus hunteri,Alcelaphini,Hirola,1692,lingual lower,row,grazer,grazer,grazer,0,0,14,26,34,44,50,64,66,86,82,106,100,126,118,144,136,162,158,178,182,188,208,190,234,184,256,170,274,150,292,130,310,112,326,92,344,72,362,52,380,34,402,18,422,2
G_dama_3206_lingual_lower_tooth row,Vienna,Nanger dama,Antilopini,Dama gazelle ,3206,lingual lower,row,browser,browser,mixed feeder,0,0,22,10,42,24,62,40,80,58,98,76,114,94,132,112,150,128,168,146,188,156,206,160,222,144,240,128,260,114,276,100,298,82,312,72,328,64,346,60,368,58,398,64,424,66
G_dama_3751_lingual_lower_molars,Vienna,Nanger dama,Antilopini,Dama gazelle ,3751,lingual lower,molar,browser,browser,mixed feeder,0,0,24,6,47.5966,15.5784,73.1893,21.4844,96.8133,31.3276,118.4687,39.2024,140.124,51.0144,163.748,64.795,185.4034,76.6071,209.0274,82.5131,234.6201,94.3251,254.3058,104.1685,279.8995,115.9805,301.5548,131.7297,321.2415,145.5104,344.8655,155.3538,370.4583,153.3851,394.0823,141.5731,413.7689,129.7611,437.3929,114.0117,459.0483,100.2311,482.6724,92.3564,506.2964,80.5444
G_dorcas_cata_lingual_lower_tooth row,Leiden,Gazella dorcas,Antilopini,Dorcas gazelle,catA,lingual lower,row,grazer,grazer,browser,0,0,11.1173,7.9409,25.411,12.7055,39.7047,17.47,52.4102,25.411,63.4102,31.7637,73.0567,39.7047,85.7622,47.6456,100.0559,55.5865,111.1732,60.3511,125.4669,65.1157,138.1724,71.4684,152.4661,74.6448,165.1716,73.0566,179.4653,69.8802,190.5826,60.3511,201.6999,50.822,212.8172,41.2928,222.3464,31.7637,233.4637,20.6464,244.581,12.7055,255.6983,4.7645,266.8156,-4.7646
G_granti_1936.3.28.10_lower_lingual_tooth row,London,Nanger granti ,Antilopini,Grant's gazelle,1936.3.28.10,lingual lower,row,browser-grazer,browser-grazer,mixed feeder,0,0,24,16,46,34,66,52,86,76,104,96,124,116,144,136,166,154,192,162,220,168,242,190,264,202,282,176,310,150,332,132,354,116,376,96,400,82,426,70,452,58,478,46,500,30
G_granti_1936.9.5.2_lower_lingual_tooth row,London,Nanger granti ,Antilopini,Grant's gazelle,1936.9.5.2,lingual lower,row,browser-grazer,browser-grazer,mixed feeder,0,0,23.6959,5.9279,45.6675,19.9098,65.6417,33.8917,85.616,49.8711,103.5928,61.8557,123.567,77.8351,143.5413,93.8145,167.5103,105.799,189.4819,115.7861,211.4536,123.7758,237.4201,135.7603,259.3917,143.75,281.3634,135.7603,307.3299,125.7732,327.3041,115.7861,351.2732,105.799,375.2422,95.8118,395.2165,85.8247,421.183,73.8402,441.1572,61.8557,463.1289,53.866,485.1005,37.8866
G_granti_1936.9.5.3_lower_lingual_tooth row,London,Nanger granti ,Antilopini,Grant's gazelle,1936.9.5.3,lingual lower,row,browser-grazer,browser-grazer,mixed feeder,0,0,19.6875,7.5536,41.5893,17.5089,59.5089,31.4464,73.4464,47.375,89.375,63.3036,107.2946,77.2411,119.2411,91.1786,139.1518,107.1072,157.0714,119.0536,178.9732,127.0179,196.8929,131,218.7946,121.0446,240.6964,107.1072,258.6161,101.1339,282.5089,93.1697,304.4107,89.1875,322.3304,79.2322,342.2411,73.2589,364.1429,65.2947,388.0357,61.3125,409.9375,59.3214,431.8392,57.3303
G_granti_2179_lower_lingual_tooth row,Tervuren,Gazella granti,Antilopini,Grant's gazelle,2179,lingual lower,row,browser-grazer,browser-grazer,mixed feeder,0,0,19.9707,5.9912,39.9414,15.9766,57.915,25.9619,73.8915,35.9473,93.8622,47.9296,111.8358,59.912,131.8065,69.8974,147.783,79.8828,163.7596,95.8593,181.7332,107.8417,199.7068,117.827,221.6745,119.8241,241.6452,115.83,263.6129,111.8358,281.5865,101.8505,299.5601,91.8651,317.5338,79.8828,339.5015,71.8945,357.4751,63.9062,377.4458,57.915,395.4194,45.9326,413.393,31.9531
G_subgutturosa_602090_lingual_tooth row,Stockholm,Gazella subgutturosa,Antilopini,Goitered gazelle,602090,lingual lower,row,grazer,grazer,mixed feeder,0,0,20,8,38,18,54,32,68,55,82,62,96,74,114,88,132,98,154,98,174,98,194,100,214,96,232,86,246,70,262,54,278,42,294,30,308,14,324,-2,340,-12,356,-24,376,-34
G_thomsoni_2138_lower_lingual_tooth row,Tervuren,Eudorcas thomsonii,Antilopini,Thomson's gazelle,2138,lingual lower,row,grazer,grazer,mixed feeder,0,0,18,6,38,14,54,30,70,46,86,60,100,76,112,92,124,112,138,128,160,128,180,120,198,106,216,94,232,82,250,70,268,58,288,46,306,34,324,24,344,18,366,14,388,14
G_thomsonii_nasalis_162005_lingual_lower_molars,Smithsonian,Eudorcas thomsonii,Antilopini,Thomson's gazelle,162005,lingual lower,molar,grazer,grazer,mixed feeder,0,0,20,6,40,12,56,24,74,38,90,50,106,62,124,74,142,84,160,94,178,104,198,112,218,114,238,108,256,96,274,86,290,74,310,66,328,56,346,44,362,36,382,26,402,20
G_thomsonii_nasalis_163048_lingual_lower_molars,Smithsonian,Eudorcas thomsonii,Antilopini,Thomson's gazelle,163048,lingual lower,molar,grazer,grazer,mixed feeder,0,0,16,8,34,10,46,24,58,38,74,48,88,58,102,70,114,82,132,82,150,70,168,68,184,66,202,62,220,58,236,48,252,40,264,26,276,16,290,2,306,-6,322,-16,336,-28
G_thomsonii_nasalis_163053_lingual_lower_tooth row,Smithsonian,Eudorcas thomsonii,Antilopini,Thomson's gazelle,163053,lingual lower,row,grazer,grazer,mixed feeder,0,0,16,10,36,16,56,24,70,38,82,54,92,74,104,90,118,106,134,118,152,130,172,136,192,130,210,122,230,114,248,104,266,94,282,82,300,72,320,64,338,56,356,48,374,34
G_thomsonii_nasalis_172903_lingual_lower_tooth row,Smithsonian,Eudorcas thomsonii,Antilopini,Thomson's gazelle,172903,lingual lower,row,grazer,grazer,mixed feeder,0,0,15.9189,7.9595,31.8379,13.9291,47.7568,21.8885,61.6859,29.848,75.615,39.7974,87.5542,51.7366,101.4833,61.6859,117.4022,71.6353,129.3415,81.5846,141.2807,93.5238,157.1996,99.4934,177.0983,99.4934,193.0172,93.5238,204.9565,85.5643,220.8754,75.615,238.7842,69.6454,252.7133,61.6859,266.6424,53.7264,282.5613,43.7771,296.4904,35.8176,310.4195,25.8683,324.3485,17.9088
H_equinus_68.35.1_lower_lingual_tooth row,Budapest,Hippotragus equinus,Hippotragini,Roan antelope,68.35.1,lingual lower,row,grazer-browser,grazer-browser,grazer,0,0,12,6,24,12,36,18,48,26,60,38,70,46,82,52,98,58,110,62,124,68,138,70,152,70,166,72,178,68,190,60,206,52,214,44,226,40,240,32,254,24,266,20,282,14
H_niger_1935.5.8.1_lower_lingual_molar row,London,Hippotragus niger,Hippotragini,Sable antelope,1935.5.8.1,lingual lower,molar,grazer,grazer,grazer,0,0,20,-2,40,6,52,24,66,42,78,58,86,80,96,100,108,118,120,134,138,146,158,156,180,160,202,160,220,144,236,134,254,120,270,106,284,90,298,74,318,58,338,50,348,32
H_niger_1964.7.8.1_lower_lingual_tooth row,London,Hippotragus niger,Hippotragini,Sable antelope,1964.7.8.1,lingual lower,row,grazer,grazer,grazer,0,0,14,12,28,26,40,40,54,56,66,70,76,86,88,102,102,116,120,124,138,130,158,134,178,132,196,126,212,116,226,104,240,90,254,76,268,62,282,50,296,34,310,22,326,12
K_defassa_53494_lower_lingual_tooth row,AMNH,Kobus e. defassa,K defassa,Defassa Waterbuck,53494,lingual lower,row,grazer,grazer,grazer,0,0,12.1569,20.8403,20.8403,45.1541,29.5238,65.9944,38.2073,92.0449,46.8907,114.6219,55.5742,137.1989,64.2577,161.5126,78.1512,184.0897,92.0448,204.93,111.1485,220.5602,135.4622,224.0336,158.0392,211.8768,175.4062,196.2465,194.5098,177.1429,210.14,158.0392,227.507,137.1989,243.1372,116.3586,258.7675,98.9916,274.3977,78.1513,296.9748,69.4678,323.0252,76.4146,342.1288,62.5211
K_defassa_53515_lower_lingual_tooth row,AMNH,Kobus e. defassa,K defassa,Defassa Waterbuck,53515,lingual lower,row,grazer,grazer,grazer,0,0,14,10,28,22,42,36,54,48,68,62,80,76,92,86,106,98,122,108,138,118,154,126,172,130,190,126,208,118,224,110,240,102,256,92,270,82,286,70,300,60,314,48,330,38
K_kob_thomasi_163345_lingual_lower_molars,Smithsonian,Kobus kob thomasi ,Reduncini,Kob,163345,lingual lower,molar,grazer,grazer,grazer,0,0,12,20,20,40,32,60,40,82,48,102,58,124,70,142,84,160,100,176,120,188,142,192,164,190,186,182,206,170,224,156,240,140,254,124,268,106,280,86,292,66,310,52,330,42
L_walleri_2136_lower_lingual_tooth row,Tervuren,Litocranius walleri,Antilopini,Gerenuk,2136,lingual lower,row,browser-grazer,browser-grazer,browser,0,0,22,12,42,30,58,50,74,70,90,90,106,112,124,132,142,150,166,160,192,152,214,140,236,126,256,110,278,94,300,80,320,64,340,48,364,36,390,38,416,30,434,14,446,-12
L_walleri_81170_lower_lingual_tooth row,AMNH,Litocranius walleri,Antilopini,Gerenuk,81170,lingual lower,row,browser-grazer,browser-grazer,browser,0,0,26,6,50,12,66,32,82,54,100,70,120,86,140,102,162,114,186,120,212,118,236,112,260,102,284,92,306,80,328,64,350,52,372,42,392,26,414,10,436,-2,454,-20,470,-40
M_kirki_1932.6.6.46_lower_lingual_tooth row,London,Madoqua kirkii,Neotragini,Kirk's dik-dik,1932.6.6.46,lingual lower,row,browser-grazer,browser-grazer,browser,0,0,29.5736,11.8295,55.204,29.5736,78.862,47.3177,102.5217,63.0903,122.2375,84.7776,145.8963,106.4648,169.5552,126.1805,193.2141,141.9531,218.8445,157.7257,246.4465,163.6405,274.0485,153.7826,297.7073,136.0385,315.4515,112.3795,339.1104,92.6638,362.7692,70.9766,384.4565,55,408.1154,37.4598,439.6605,27.6019,467.2626,29.5736,496.8362,37.4598,526.4097,43.3745,555.9833,33.5167
M_kirki_1932.6.6.51_lower_lingual_tooth row,London,Madoqua kirkii,Neotragini,Kirk's dik-dik,1932.6.6.51,lingual lower,row,browser-grazer,browser-grazer,browser,0,0,15.7924,3.9481,31.5849,7.8962,41.4552,17.7665,57.2477,25.6627,71.066,33.559,86.8585,41.4552,100.6769,49.3514,112.5212,59.2217,128.3137,67.1179,142.1321,76.9882,157.9245,84.8844,173.717,88.8325,185.5613,86.8585,203.3278,75.0142,213.1981,69.0919,228.9905,59.2217,242.809,49.3514,254.6533,41,274.3939,39.4811,288.2123,33.559,304.0047,27.6367,317.8231,19.7406
M_kirki_3645_lower_lingual_tooth row,Tervuren,Madoqua kirkii,Neotragini,Kirk's dik-dik,3645,lingual lower,row,browser-grazer,browser-grazer,browser,0,0,16,10,32,24,46,38,60,52,76,64,92,76,110,86,124,98,138,112,156,122,176,126,192,114,210,104,226,94,242,82,260,72,278,66,298,60,318,56,338,56,358,54,374,44
M_saltiana_27000_lingual_lower_tooth row,Chicago,Madoqua saltiana,Neotragini,Salt's dik-dik,27000,lingual lower,row,browser,browser,browser,0,0,18,12,34.5,25.5,48,38,56,44,64,50,72,56,82,62,94,78,106,94,122,108,136,122,150,136,166,150,186,152,204,146,220,132,236,120,252,108,268,94,284,84,304,74,322,70
M_saltiana_27004_lingual_lower_tooth row,Chicago,Madoqua saltiana,Neotragini,Salt's dik-dik,27004,lingual lower,row,browser,browser,browser,0,0,16,8,26,14,34,18,42,24,48,28,64,40,72,46,78,54,92,66,106,78,120,92,136,106,152,112,168,124,178,132,188,126,206,118,222,110,204,100,256,90,272,80,288,70
N_batesi_1937.8.4.26_lower_lingual_tooth row,London,Nesotragus batesi,N batesi,Bate's dwarf antelope,1937.8.4.26,lingual lower,row,browser,browser,browser,0,0,19.5349,13.6744,31.2558,33.2094,41.0233,56.6512,50.7907,80.093,60.5581,101.5814,70.3256,125.0233,80.093,148.4651,91.8139,169.9535,103.5349,189.4884,113.3023,214.8838,132.8372,230.5116,156.2791,218.7908,177.7674,205.1163,191.4419,187.5349,209.0233,171.907,230.5116,154.3256,246.1396,136.7443,265.6744,121.1163,283.2558,105.4884,306.6977,95.7209,328.1861,87.907,355.5349,87.907
N_batesi_1937.8.4.27_lower_lingual_tooth row,London,Nesotragus batesi,N batesi,Bate's dwarf antelope,1937.8.4.27,lingual lower,row,browser,browser,browser,0,0,15.7335,3.9547,27.7737,11.9816,39.814,20.0084,49.8475,34.0553,61.8877,44.0889,71.9212,58.1357,83.9615,66.1626,93.995,76.196,104.0285,86.2296,114.062,102.2832,130.1156,108.3033,142.1559,116.3302,156.2028,124.3569,172.2564,116.3302,186.3033,110.3101,198.3436,104.2899,212.3905,94.2565,224.4307,86.2296,238.4777,76.196,250.5179,66.1626,268.5782,68.1693,282.6251,62.1492
N_goral_36788_lingual_lower_tooth row,Chicago,Naemorhedus goral,Rupicaprini,Himalayan goral,36788,lingual lower,row,grazer,grazer,browser,0,0,14,14,26,30,34,48,44,68,52,86,60,106,68,122,78,140,90,158,104,172,122,180,140,200,160,184,176,170,190,160,206,146,222,132,238,120,254,110,272,98,292,98,312,90
N_goral_614012_lingual_lower_tooth row,Stockholm,Naemorhedus goral,Rupicaprini,Himalayan goral,614012,lingual lower,row,grazer,grazer,browser,0,0,18,12,28,34,36,52,42,74,48,92,56,118,66,134,78,152,92,170,108,184,124,200,144,196,164,184,180,170,198,158,214,140,232,128,254,122,270,108,286,94,298,76,310,58
N_moschatus_1962.12.14.5_lower_lingual_tooth row,London,Nesotragus moschatus,Neotragini,Suni,1962.12.14.5,lingual lower,row,browser,browser,frugivore-herbivore,0,0,11.4978,5.9745,25.4667,15.9523,39.4357,27.9258,51.4091,37.9036,63.3825,49.877,75.3559,57.8593,87.3293,67.837,103.2938,77.8148,117.2628,85.7971,131.2317,91.7838,147.1962,89.7882,159.1696,79.8104,177.1297,73.8237,191.0987,69.8326,207.0632,61.8503,225.0233,61.8503,236.9967,51.8726,252.9612,43.8903,257,34,262.939,29.9213,280.8991,29.2913,296.8636,29.9213
N_moschatus_3623_lower_lingual_tooth row,Tervuren,Nesotragus moschatus,Neotragini,Suni,3623,lingual lower,row,browser,browser,frugivore-herbivore,0,0,14,8,26,20,36,34,48,46,60,60,70,72,84,84,96,96,108,108,122,118,138,126,154,132,170,124,182,110,194,98,204,84,214,70,224,56,236,44,250,32,264,22,278,12
N_moschatus_3624_lower_lingual_tooth row,Tervuren,Nesotragus moschatus,Neotragini,Suni,3624,lingual lower,row,browser,browser,frugivore-herbivore,0,0,11.9133,1.9856,23.8266,7.9423,31.7688,17.87,43.6821,25.8123,49.6387,37.7255,59.5665,45.6677,65.5231,57.5809,75.4509,65.5232,83.393,75.4509,95.3063,81.4076,107.2196,95.3064,119.1329,89.3497,131.0462,85.3787,142.9595,79.422,152.8873,71.4799,162.815,61.5521,174.7283,55.5955,186.6416,53.6099,196.5693,47.6532,208.4826,41.6965,220.396,35.74,232.3092,29.7833
N_moschatus_582109_lower_lingual_tooth row,Stockholm,Nesotragus moschatus,Neotragini,Suni,582109,lingual lower,row,browser,browser,frugivore-herbivore,0,0,12,10,22,26,38,44,50,64,66,82,76,96,86,108,98,120,112,138,128,156,146,176,164,156,178,144,192,132,202,120,212,110,228,94,242,80,260,62,276,48,290,38,310,24
N_moschatus_591012_lower_lingual_tooth row,Stockholm,Nesotragus moschatus,Neotragini,Suni,591012,lingual lower,row,browser,browser,frugivore-herbivore,0,0,16,4,30,14,44,24,56,38,68,50,82,62,92,74,102,90,112,104,122,120,136,130,154,130,170,122,186,114,200,104,214,96,228,84,242,74,258,66,272,56,288,50,306,46
O_americanus_missoulas_221010_lingual_lower_molars,Smithsonian,Oreamnos americanus ,Rupicaprini,Rocky mountain goat ,221010,lingual lower,molar,browser-grazer,browser-grazer,mixed feeder,0,0,24,14,44,28,64,48,80,70,96,92,108,116,124,138,138,160,154,184,172,204,192,220,216,234,242,244,270,238,288,220,306,198,322,176,336,154,352,132,370,110,388,90,408,74
O_americanus_missoulas_A20752_lingual_lower_molars,Smithsonian,Oreamnos americanus ,Rupicaprini,Rocky mountain goat ,A20752,lingual lower,molar,browser-grazer,browser-grazer,mixed feeder,0,0,24.1813,9.6865,42.0095,25.5338,59.8378,41.3811,77.666,61.1902,91.5323,80.9993,107.3796,104.7701,117.2841,126.5602,133.1314,144.3884,150.9596,162.2166,168.7878,178.0639,188.5969,191.9302,212.3679,201.8348,238.1197,195.8921,259.9097,185.9875,279.7188,170.1403,297.547,152.312,317.3561,136.4647,335.1843,120.6174,354.9934,106.7511,376.7834,92.8848,400.5543,80.9993,420.3634,69.1138
O_dalli_121817_lingual_lower_toothrow,AMNH,Ovis dalli,Caprini,Dall's sheep,121817,lingual lower,row,browser-grazer,browser-grazer,mixed feeder,0,0,18.0352,6.0118,32.0627,18.0353,46.0901,24.0471,60.1175,38.0745,72.1411,44.0863,84.1646,58.1136,100.1959,66.1294,114.2233,78.1528,128.2507,86.1686,142.2781,98.192,156.3055,108.2117,170.333,112.2195,190.3722,114.2234,204.3996,112.2195,220.4309,106.2076,236.4623,98.192,252.4936,86.1686,264.5172,78.1528,280.5485,70.1372,294.5759,62.1215,310.6072,56.1097,328.6425,46.0902
O_dalli_123042_lingual_lower_toothrow,AMNH,Ovis dalli,Caprini,Dall's sheep,123042,lingual lower,row,browser-grazer,browser-grazer,mixed feeder,0,0,22,14,40,36,54,56,66,80,84,100,100,122,112,144,124,166,140,190,162,204,186,196,208,182,226,160,246,142,262,122,282,106,300,84,320,68,342,52,366,40,392,34,418,34
O_gazella_60.167.1_lower_lingual_tooth row,Budapest,Oryx gazella,Hippotragini,Gemsbok,60.167.1,lingual lower,row,grazer-browser,grazer-browser,grazer,0,0,16,14,26,32,34,50,44,68,52,86,60,104,72,120,86,136,100,152,118,158,138,162,160,160,180,160,200,160,220,158,236,146,252,134,270,124,288,114,304,104,322,94,340,86
O_gazella_60.168.1_lower_lingual_M2 M3_right side extra photo,Budapest,Oryx gazella,Hippotragini,Gemsbok,60.168.1_lower,lingual lower,molar,grazer-browser,grazer-browser,grazer,0,0,18,12,34,28,50,44,58,66,70,84,80,106,96,124,116,132,138,128,160,124,184,122,206,116,228,120,250,120,272,116,292,100,308,84,326,70,344,60,364,48,384,38,404,24
O_moschatus_ 8048_lingual_lower_molars,Berlin,Ovibus moschatus,Ovibovini,Muskox,8048,lingual lower,molar,grazer-browser,grazer-browser,grazer,0,0,26,8,50,20,74,34,98,48,122,64,144,82,166,96,188,114,210,132,232,148,254,166,278,182,302,196,334,192,358,182,382,170,404,152,428,136,450,122,474,106,494,88,516,70
O_moschatus_3037_lingual_lower_molars,Copenhagen,Ovibus moschatus,Ovibovini,Muskox,3037,lingual lower,molar,grazer-browser,grazer-browser,grazer,0,0,26,12,52,30,74,52,98,72,120,92,144,114,164,138,186,160,208,182,230,204,256,224,286,232,314,214,336,192,358,170,382,150,406,130,428,108,452,88,478,70,502,50,528,32
O_moschatus_649_lingual_lower_M2M3,Copenhagen,Ovibus moschatus,Ovibovini,Muskox,649,lingual lower,molar,grazer-browser,grazer-browser,grazer,0,0,21.5,20.5,41.5,42.5,61.5,64.5,79.5,88.5,97.5,110.5,117.5,134.5,135.5,156.5,155.5,178.5,177.5,198.5,205.5,210.5,233.5,212.5,263.5,206.5,287.5,190.5,313.5,174.5,335.5,156.5,359.5,138.5,381.5,120.5,405.5,102.5,429.5,86.5,455.5,68.5,481.5,54.5,507.5,40.5
O_oreotragus_82074_lower_lingual_tooth row,AMNH,Oreotragus oreotragus,Neotragini,Klipspringer,82074,lingual lower,row,browser,browser,browser,0,0,17.9396,7.9731,39.8658,17.9396,59.7987,27.906,77.7383,45.8456,97.6711,53.8188,113.6175,69.7651,129.5638,85.7114,141.5235,105.6443,151.49,127.5704,167.4362,139.5302,193.349,135.5436,211.2886,127.5704,233.2148,117.604,251.1544,109.6309,275.0738,95.6779,295.0067,89.698,314.9396,79.7316,338.859,77.7383,358.792,69.7651,382.7114,59.7987,398.6577,49.8323,418.5906,35.8792
O_ourebi_216388_lower_lingual_tooth row,AMNH,Ourebia ourebi,Neotragini,Oribi,216388,lingual lower,row,grazer,grazer,grazer,0,0,14,12,30,28,44,40,54,56,62,76,72,94,84,108,100,122,116,134,136,140,152,130,170,120,188,108,200,96,214,78,230,68,246,56,266,48,284,42,304,42,322,50,342,50
O_ourebi_JUBALAND 40_lower_lingual_tooth row,Powell-Cotton,Ourebia ourebi,Neotragini,Oribi,Jubaland 40,lingual lower,row,grazer,grazer,grazer,0,0,19.5,11.1667,35.5,25.8333,48.8333,44.5,59.5,60.5,71.5,80.5,83.5,99.1667,95.5,117.8333,110.1667,133.8333,122.1667,151.1667,135.5,168.5,158.1667,169.8333,176.8333,157.8333,192.8333,141.8333,207.5,129.8333,226.1667,115.1667,242.1667,101.8333,258.1667,84.5,274.1667,72.5,294.1667,59.1667,314.1667,52.5,335.5,53.8333,358.1667,49.8333
O_ourebia_34764_lower_lingual_tooth row,AMNH,Ourebia ourebi,Neotragini,Oribi,34764,lingual lower,row,grazer,grazer,grazer,0,0,22,12,38,32,52,48,66,68,80,86,94,110,108,128,124,146,142,162,164,168,188,162,208,148,224,130,240,112,254,94,268,74,284,56,302,40,326,32,350,36,374,38,396,44
P_hodgsoni_25669_lingual_lower_tooth row,Chicago,Pantholops hodgsonii,Caprini,Tibetan antelope,25669,lingual lower,row,grazer,grazer,grazer,0,0,18,14,32,32,46,48,58,68,70,86,82,106,96,122,112,138,128,152,146,166,166,174,186,162,198,142,210,126,222,108,236,92,252,74,268,58,286,48,302,30,318,12,336,0
P_nayaur_szechuanensis_240681_lingual_lower_molars,Smithsonian,Pseudois nayaur szechuanensis,Caprini,Bharal,240681,lingual lower,molar,grazer,grazer,grazer,0,0,24,12,44,30,62,52,78,72,94,94,108,118,124,142,142,158,164,176,192,180,214,164,232,144,252,126,270,106,290,88,310,68,330,50,350,32,372,16,398,8,424,2,448,-14
P_nayaur_szechuanensis_259712_lingual_lower_tooth row,Smithsonian,Pseudois nayaur szechuanensis,Caprini,Bharal,259712,lingual lower,row,grazer,grazer,grazer,0,0,16,2,26,20,40,40,54,62,64,80,78,100,88,120,100,140,114,162,126,180,142,198,164,206,186,198,202,180,218,162,236,146,252,130,266,112,282,92,296,74,316,60,338,58
P_picticaudata_084084_lingual_lower_molars,Smithsonian,Procapra picticaudata,Antilopini,Tibetan gazelle,84084,lingual lower,molar,browser-grazer,browser-grazer,browser,0,0,19.5,6.5,37.5,14.5,53.5,28.5,65.5,46.5,79.5,60.5,89.5,78.5,101.5,96.5,113.5,112.5,127.5,126.5,149.5,130.5,169.5,126.5,185.5,112.5,199.5,98.5,213.5,82.5,229.5,70.5,245.5,56.5,263.5,44.5,281.5,34.5,299.5,26.5,317.5,16.5,335.5,4.5,349.5,7.5
P_picticaudata_593465_lingual_lower_tooth row,Stockholm,Procapra picticaudata,Antilopini,Tibetan gazelle,593465,lingual lower,row,browser-grazer,browser-grazer,browser,0,0,19.9392,11.9635,39.8784,27.9149,49.848,49.848,61.8115,67.7933,71.7811,89.7264,77.7629,111.6595,89.7264,135.5867,99.696,155.5259,115.6474,177.459,135.5866,201.386,155.5258,199.3921,175.465,183.4407,195.4042,167.4894,211.3556,153.5319,227.307,137.5806,247.2462,123.623,265.1915,107.6718,283.1368,93.7142,305.0699,77.7629,323.0152,65.7994,340.9604,49.848,364.9179,27.9149
R_campestris_216389_lower_lingual_tooth row,AMNH,Raphicerus campestris,Neotragini,Steenbok,216389,lingual lower,row,rootivore-browser,browser,browser,0,0,14,8,28,16,42,28,52,42,60,56,70,68,82,82,92,96,104,106,114,120,126,130,144,136,158,124,170,112,182,102,198,94,212,88,226,78,240,70,252,58,266,48,280,36
R_campestris_233045_lower_lingual_tooth row,AMNH,Raphicerus campestris,Neotragini,Steenbok,233045,lingual lower,row,rootivore-browser,browser,browser,0,0,13.5,10.5,29.5,16.5,43.5,28.5,55.5,38.5,65.5,56.5,75.5,70.5,87.5,84.5,99.5,94.5,107.5,110.5,119.5,126.5,133.5,136.5,149.5,128.5,165.5,122.5,179.5,112.5,193.5,100.5,209.5,92.5,225.5,84.5,241.5,76.5,255.5,66.5,271.5,56.5,283.5,44.5,293.5,30.5
R_campestris_76.581_lower_lingual_tooth row,London,Raphicerus campestris,Neotragini,Steenbok,76.581,lingual lower,row,rootivore-browser,browser,browser,0,0,16.3049,5.8903,34.271,13.8751,50.2408,23.8563,64.2144,35.8336,80.1843,43.8186,94.1579,55.7959,110.1277,67.7733,128.0938,73.762,144.0636,83.7432,160.0334,93.7244,172.0109,107.6979,183.9882,119.6753,199.9581,129.6565,215.9279,139.6376,233.894,131.6527,247.8676,123.6677,263.8374,109.6942,275.8148,97.7168,291.7846,87.7356,305.7582,73.762,315.7394,57.7922,333.7054,49.8073
R_campestris_80538_lower_lingual_tooth row,AMNH,Raphicerus campestris,Neotragini,Steenbok,80538,lingual lower,row,rootivore-browser,browser,browser,0,0,13.5,8.5,25.5,20.5,37.5,32.5,49.5,46.5,61.5,58.5,71.5,70.5,83.5,82.5,95.5,96.5,109.5,104.5,125.5,112.5,141.5,116.5,159.5,118.5,175.5,116.5,193.5,114.5,207.5,108.5,223.5,98.5,237.5,90.5,253.5,84.5,269.5,80.5,287.5,74.5,303.5,74.5,317.5,70.5
R_fulvorufula_34785_lower_lingual_tooth row,Tervuren,Redunca fulvorufula,Reduncini,Mountain reedbuck,34785,lingual lower,row,grazer,grazer,grazer,0,0,21.4629,11.5043,31.3839,31.4138,45.3237,47.3496,59.2634,65.2721,71.2119,85.186,87.143,103.1086,99.0914,119.0398,111.0398,136.9624,130.9537,152.8936,150.8677,158.8678,172.7731,160.8591,194.6785,146.9193,212.6011,128.9968,226.5408,115.057,242.472,99.1259,256.4118,85.186,270.3516,69.2549,290.2656,57.3064,306.1968,37.3925,322.1279,23.4526,342.0419,11.5043,355.9818,-6.4183
R_fulvorufula_chableri_161992_lingual_lower_tooth row,Smithsonian,Redunca fulvorufula,Reduncini,Mountain reedbuck,161992,lingual lower,row,grazer,grazer,grazer,0,0,12,16,24,34,38,50,52,68,64,82,76,102,88,122,102,140,118,152,136,164,158,166,178,160,196,148,212,132,230,120,244,106,262,94,278,78,296,66,316,56,336,56,358,48
R_fulvorufula_chableri_161994_lingual_lower_tooth row,Smithsonian,Redunca fulvorufula,Reduncini,Mountain reedbuck,161994,lingual lower,row,grazer,grazer,grazer,0,0,22,16,44,36,62,64,78,90,96,112,112,136,128,162,146,186,166,208,190,224,220,230,248,214,272,200,290,178,314,156,334,136,356,114,378,92,400,74,426,60,452,48,478,30
R_redunca_1962.12.14.7_lower_lingual_tooth row,London,Redunca redunca,Reduncini,Bohor reedbuck,1962.12.14.7,lingual lower,row,grazer,grazer,grazer,0,0,18,10,30,28,42,46,56,62,68,82,80,98,96,114,108,132,126,142,148,148,170,146,188,136,208,126,226,114,242,102,256,84,268,66,282,48,294,32,312,18,332,10,354,8
R_rupicapra_1413_lingual_lower_molars,Copenhagen,Rupicapra rupicapra,R rupicapra,Alpine chamois,1413,lingual lower,molar,browser-grazer,browser-grazer,mixed feeder,0,0,29.8157,9.9386,53.6682,19.8771,79.5084,33.7911,93.4224,57.6437,103.361,83.4839,117.275,109.3241,133.1766,135.1643,145.1029,161.0046,164.98,182.8694,184.8571,202.7466,208.7097,216.6605,234.5499,220.636,262.3779,214.6729,290.2058,202.7466,314.0583,184.8572,331.9478,164.98,351.8249,145.1029,371.702,125.2258,395.5545,107.3364,417.4194,91.4347,439.2841,69.5699,461.149,51.6805
R_rupicapra_46402_lingual_lower_tooth row,Chicago,Rupicapra rupicapra,R rupicapra,Alpine chamois,46402,lingual lower,row,browser-grazer,browser-grazer,mixed feeder,0,0,13.5,8.5,29.5,16.5,41.5,24.5,53.5,34.5,63.5,44.5,71.5,58.5,79.5,74.5,87.5,88.5,93.5,100.5,105.5,114.5,115.5,126.5,127.5,136.5,141.5,146.5,155.5,150.5,169.5,154.5,185.5,154.5,201.5,154.5,217.5,144.5,231.5,142.5,247.5,144.5,261.5,150.5,277.5,150.5
R_rupicapra_90234_lingual_lower_toothrow,AMNH,Rupicapra rupicapra,R rupicapra,Alpine chamois,90234,lingual lower,row,browser-grazer,browser-grazer,mixed feeder,0,0,22,6,42,20,58,36,74,54,88,74,104,92,118,110,134,128,152,144,170,164,188,178,210,184,230,182,254,176,274,160,296,148,314,134,332,118,354,110,378,106,400,110,422,120
R_sharpei_367434_lingual_lower_molars,Smithsonian,Raphicerus sharpei,Neotragini,Sharpe's grysbok,367434,lingual lower,molar,browser,browser,browser,0,0,16,6,32,12,44,22,54,34,64,50,74,66,88,76,96,90,104,106,116,120,128,132,142,140,158,144,176,148,192,146,208,140,222,128,234,116,248,108,262,96,278,88,292,82
R_sharpei_367445_lingual_lower_molars,Smithsonian,Raphicerus sharpei,Neotragini,Sharpe's grysbok,367445,lingual lower,molar,browser,browser,browser,0,0,12.8308,9.1649,29.3276,21.9957,40.3255,36.6595,51.3233,49.4904,56.8223,69.6531,67.8201,84.3169,78.818,93.4818,95.3148,109.9785,106.3127,120.9764,119.1435,133.8073,139.3062,137.4733,155.803,133.8073,172.2998,124.6423,185.1306,111.8115,197.9615,100.8137,214.4582,89.8158,229.122,78.818,243.7859,71.4861,260.2826,62.3212,278.6124,56.8223,293.2762,47.6573,307.94,36.6595
S_caffer_25430_lower_lingal_M2 M3,Tervuren,Syncerus caffer,Bovini,African buffalo,25430,lingual lower,molar,grazer,grazer,grazer,0,0,29.9304,19.9536,53.8748,41.9026,73.8284,69.8376,95.7774,91.7867,115.7311,117.7264,143.6661,141.6707,165.6152,161.6244,193.5502,177.5873,225.476,191.5548,257.4019,193.5502,289.3276,187.5641,321.2535,175.5919,351.1839,159.629,377.1237,141.6707,405.0587,123.7125,429.0031,101.7635,458.9335,83.8052,482.8779,61.8562,510.8129,47.8887,544.7342,41.9026,576.66,43.8979,608.5858,49.884
S_caffer_37469_lower_lingual_tooth row,Tervuren,Syncerus caffer ,Bovini,African buffalo,37469,lingual lower,row,grazer,grazer,grazer,0,0,14,2,30,4,46,10,58,22,72,34,86,44,100,52,114,64,130,68,146,70,162,66,178,60,194,50,206,38,218,28,228,14,240,4,254,-6,270,-14,284,-20,300,-24,318,-28
S_grimmia_1936.3.30.7_lower_lingual_tooth row,London,Sylvicapra grimmia,Cephalophini,Common duiker,1936.3.30.7,lingual lower,row,browser-grazer,browser-grazer,frugivore-herbivore,0,0,16,10,34,22,48,32,62,46,78,60,92,72,110,84,126,90,148,96,168,98,186,104,206,110,226,108,244,102,260,92,278,80,296,74,316,70,336,70,354,74,374,76,394,72
S_grimmia_1966.8.5.1_lower_lingual_tooth row,London,Sylvicapra grimmia,Cephalophini,Common duiker,1966.8.5.1,lingual lower,row,browser-grazer,browser-grazer,frugivore-herbivore,0,0,16,10,28,26,40,42,54,56,66,72,82,84,98,96,116,104,134,114,152,118,172,122,192,116,206,104,222,88,236,76,250,64,264,50,282,40,300,36,320,32,340,32,360,28
S_grimmia_1966.9.22.1_lower_lingual_tooth row,London,Sylvicapra grimmia,Cephalophini,Common duiker,1966.9.22.1,lingual lower,row,browser-grazer,browser-grazer,frugivore-herbivore,0,0,21.9551,5.9878,39.9185,21.9552,57.8818,37.9226,69.8574,59.8778,83.8289,81.833,91.8126,99.7964,105.7841,119.7556,119.7556,139.715,135.723,155.6824,153.6863,175.6416,175.6415,185.6212,195.6008,183.6252,219.5519,175.6416,241.5071,163.666,257.4745,147.6986,277.4338,133.7272,295.3971,119.7556,317.3523,109.776,339.3075,99.7964,357.2709,87.8208,379.226,75.8452,403.1772,67.8616
S_grimmia_1966.9.26.1_lower_lingual_tooth row,London,Sylvicapra grimmia,Cephalophini,Common duiker,1966.9.26.1,lingual lower,row,browser-grazer,browser-grazer,frugivore-herbivore,0,0,20,2,38,14,54,24,68,38,82,54,94,70,106,86,120,100,136,114,156,118,176,116,196,110,214,102,232,94,250,86,270,78,288,70,308,66,328,60,348,60,368,60,386,54
S_tatarica_14741_lingual_lower_molars,Berlin,Saiga tatarica,Antilopini,Steppe saiga,14741,lingual lower,molar,grazer,grazer,grazer,0,0,18,16,34,30,50,50,66,66,82,82,100,98,118,114,136,128,154,142,172,156,190,170,212,180,236,176,254,164,272,148,290,132,308,118,326,102,344,89,366,78,388,72,412,66
T_derbianus_164646_lingual_lower_molars,Smithsonian,Taurotragus derbianus,Tragelaphini,Derby's eland,164646,lingual lower,molar,browser-frugivore,browser,browser,0,0,26,20,44,44,56,72,68,102,82,130,98,156,116,182,134,206,152,230,176,252,206,264,234,252,262,238,286,220,308,196,326,172,346,146,366,124,386,100,408,78,430,58,454,36
T_eurycerus_163226_lingual_lower_LEFT molars,Smithsonian,Tragelaphus eurycerus,Tragelaphini,Bongo,163226,lingual lower,molar,browser,browser,browser,0,0,18.5127,17.0417,33.8798,33.9456,47.7101,55.4595,53.857,76.9734,66.1506,100.024,79.981,120.0012,93.8114,141.5151,106.105,159.9557,119.9354,179.9329,132.2291,202.9835,152.2063,216.8139,170.6469,229.1076,192.1608,241.4012,216.7481,244.4747,236.7253,230.6443,252.0924,212.2038,267.4595,193.7633,284.3633,175.3228,301.2671,156.8823,319.7076,144.5886,344.2949,133.8317,365.8088,123.0747
T_eurycerus_1934.11.9.1_lower_lingual_tooth row,London,Tragelaphus eurycerus,Tragelaphini,Bongo,1934.11.9.1,lingual lower,row,browser,browser,browser,0,0,18.0603,10.5352,34.6155,22.5754,49.6657,40.6356,58.6959,60.2009,69.231,78.2612,78.2612,97.8265,90.3014,118.8969,103.8466,136.9571,112.8767,156.5224,129.4319,173.0776,142.9771,191.1379,164.0475,198.663,183.6128,185.1179,200.168,174.5827,215.2182,156.5224,231.7735,144.4822,251.3388,130.937,266.389,117.3918,282.9443,102.3416,302.5096,93.3115,325.0849,96.3215,346.1552,90.3014
T_eurycerus_1959.1.2.2_lower_lingual_molar row,London,Tragelaphus eurycerus,Tragelaphini,Bongo,1959.1.2.2,lingual lower,molar,browser,browser,browser,0,0,20.6083,4.1217,38.4688,16.4866,53.5815,30.2255,65.9465,45.3383,79.6853,63.1987,90.6764,78.3115,101.6675,94.7981,115.4063,109.9108,129.1451,125.0236,142.884,140.1363,160.7445,153.8751,181.3528,144.2579,196.4655,129.1452,210.2044,115.4064,223.9432,103.0414,237.6821,87.9286,252.7948,71.442,267.9075,57.7032,283.0203,46.7121,299.5069,37.0949,320.1152,27.4777,336.6018,17.8605
T_eurycerus_27977_lower_lingual_M2 M3,Tervuren,Tragelaphus eurycerus,Tragelaphini,Bongo ,27977,lingual lower,molar,browser,browser,browser,0,0,26,14,48,36,68,60,86,86,108,108,132,128,152,152,175,176,198,196,226,214,258,208,282,190,306,168,330,148,354,128,378,106,404,88,428,68,454,48,480,34,512,26,542,24
T_imberbis_2137_lower_lingual_tooth row,Tervuren,Tragelaphus imberbis,Tragelaphini,Lesser kudu,2137,lingual lower,row,browser,browser,browser,0,0,15.5,6.5,27.5,22.5,39.5,36.5,51.5,52.5,63.5,66.5,73.5,80.5,85.5,96.5,97.5,108.5,113.5,118.5,131.5,124.5,147.5,126.5,167.5,128.5,183.5,122.5,197.5,104.5,209.5,92.5,223.5,76.5,235.5,66.5,251.5,56.5,267.5,48.5,285.5,40.5,299.5,30.5,313.5,18.5
T_imberbis_60.145.1_lower_lingual_tooth row,Budapest,Tragelaphus imberbis,Tragelaphini,Lesser kudu,60.145.1,lingual lower,row,browser,browser,browser,0,0,24,12,44,26,60,48,76,68,90,90,104,112,120,132,138,150,158,166,182,176,206,178,230,168,252,152,272,136,292,118,310,100,332,88,356,76,376,62,394,44,408,20,420,-2
T_oryx_163225_lingual_lower_tooth row,Smithsonian,Taurotragus oryx,Tragelaphini,Eland,163225,lingual lower,row,grazer,grazer,browser,0,0,29.9538,3.9939,51.9199,19.9692,73.886,35.9446,95.8521,53.9169,113.8243,75.8829,133.7935,93.8552,155.7596,111.8275,175.7288,127.8028,197.6949,147.772,221.6579,159.7535,247.6179,167.7412,275.5747,165.7443,303.5316,155.7597,329.4915,149.7689,357.4484,139.7844,381.4114,127.8028,403.3775,111.8275,427.3405,99.8459,451.3035,83.8706,475.2666,71.8892,503.2234,61.9045,529.1833,51.9199
T_oryx_2183_lower_lingual_right M2 M3,Tervuren,Taurotragus oryx,Tragelaphini,Eland,2183,lingual lower,molar,grazer,grazer,browser,0,0,26,6,52,22,74,42,92,66,110,90,128,114,146,138,164,164,184,182,208,204,234,214,264,210,288,192,308,170,328,148,346,124,364,102,382,76,402,56,428,40,458,38,486,26
T_scriptus_187806_lingual_lower_toothrow,AMNH,Tragelaphus scriptus,Tragelaphini,Bushbuck,187806,lingual lower,row,browser,browser,browser,0,0,20,10,40,28,56,46,70,66,80,90,92,112,108,136,122,154,142,168,164,180,188,188,214,186,232,170,252,152,270,134,288,116,306,98,322,80,344,68,368,62,394,58,418,56
T_scriptus_1966.5.20.1_lower_lingual_molar row,London,Tragelaphus scriptus,Tragelaphini,Bushbuck,1966.5.20.1,lingual lower,molar,browser,browser,browser,0,0,19.8826,5.9648,41.7535,19.8827,57.6597,37.7771,73.5658,57.6597,87.4836,75.5541,101.4015,95.4368,113.3311,117.3076,129.2372,139.1786,145.1433,157.073,163.0377,169.0026,188.8851,174.9673,212.7433,167.0143,232.627,153.0964,254.4979,141.1669,274.3806,127.249,298.2397,113.3312,316.1341,105.3781,341.9815,93.4485,361.8642,81.5189,379.7585,65.6128,397.653,47.7184,419.5239,39.7653
T_scriptus_1966.6.7.1_lower_lingual_M2 M3_other side,London,Tragelaphus scriptus,Tragelaphini,Bushbuck,1966.6.7.1,lingual lower,molar,browser,browser,browser,0,0,24,8,46,18,64,30,82,46,98,64,114,80,132,98,150,112,170,126,190,140,210,148,234,148,256,138,276,126,296,114,316,100,336,88,356,76,378,68,402,64,426,68,450,66
T_scriptus_216371_lingual_lower_toothrow,AMNH,Tragelaphus scriptus,Tragelaphini,Bushbuck,216371,lingual lower,row,browser,browser,browser,0,0,20,4,36,20,48,38,58,58,70,74,84,90,100,106,116,120,132,134,152,142,174,146,194,140,216,130,236,122,252,114,276,106,296,100,314,92,334,82,352,70,370,58,390,50
T_scriptus_34753_lingual_lower_toothrow,AMNH,Tragelaphus scriptus,Tragelaphini,Bushbuck,34753,lingual lower,row,browser,browser,browser,0,0,20,14,36,28,48,50,54,72,58,94,62,118,68,140,80,162,92,180,110,194,132,200,156,206,178,198,196,186,216,170,234,158,252,144,272,132,290,118,308,104,326,90,348,80
T_scriptus_36404_lingual_lower_molars,AMNH,Tragelaphus scriptus,Tragelaphini,Bushbuck,36404,lingual lower,molar,browser,browser,browser,0,0,20.4606,6.3647,40.7194,17.2733,59.4197,34.4152,75.0034,48.4405,87.4703,64.0242,103.0539,79.6078,117.0792,99.8665,131.1044,113.8918,145.1298,131.0338,163.8301,145.0591,180.9721,159.0844,201.2308,168.4346,223.048,163.7595,238.6316,146.6175,252.6569,131.0338,266.6821,112.3334,280.7075,95.1915,296.2911,79.6078,310.3163,64.0242,332.1335,57.7907,352.3922,46.8821,367.9758,32.8569
T_scriptus_53244_lingual_lower_molars,AMNH,Tragelaphus scriptus,Tragelaphini,Bushbuck,53244,lingual lower,molar,browser,browser,browser,0,0,22,24,28,52,38,86,48,112,58,142,64,176,74,202,86,232,102,258,122,282,152,272,174,250,194,228,214,202,236,178,256,152,278,132,300,110,322,90,348,72,380,76,408,64
T_scriptus_71.2115_lower_lingual_molars_other side,London,Tragelaphus scriptus,Tragelaphini,Bushbuck,71.2115,lingual lower,molar,browser,browser,browser,0,0,30,10,54,30,74,52,94,76,114,102,130,128,146,154,164,180,182,206,196,234,212,260,240,270,270,258,296,240,316,218,334,192,352,166,370,140,388,116,410,94,432,70,462,62
T_spekii_164558_lingual_lower_molars,Smithsonian,Tragelaphus spekii,Tragelaphini,Sitatunga,164558,lingual lower,molar,grazer-browser,grazer-browser,browser,0,0,26,10,42,30,58,46,76,70,90,90,104,112,120,132,140,150,160,166,186,172,208,160,226,140,242,120,258,98,276,80,292,60,308,40,330,24,352,12,378,16,402,28,422,12
